1547055300000,0.085188727,1,00000000-afb8-476e-9872-6472b4e66b68
1547055301000,0.168675497,1,00000000-afb8-476e-9872-6472b4e66b68
1547055302000,0.740485082,1,00000000-afb8-476e-9872-6472b4e66b68
1547055303000,0.713160997,1,00000000-afb8-476e-9872-6472b4e66b68
1547055304000,0.242530814,1,00000000-afb8-476e-9872-6472b4e66b68
1547055305000,0.241823204,1,00000000-afb8-476e-9872-6472b4e66b68
1547055306000,0.47502244,1,00000000-afb8-476e-9872-6472b4e66b68
1547055307000,0.289501821,1,00000000-afb8-476e-9872-6472b4e66b68
1547055308000,0.397412048,1,00000000-afb8-476e-9872-6472b4e66b68
1547055309000,0.454997124,1,00000000-afb8-476e-9872-6472b4e66b68
1547055310000,0.135909196,1,00000000-afb8-476e-9872-6472b4e66b68
1547055311000,0.899505032,1,00000000-afb8-476e-9872-6472b4e66b68
1547055312000,0.65513372,1,00000000-afb8-476e-9872-6472b4e66b68
1547055313000,0.921192049,1,00000000-afb8-476e-9872-6472b4e66b68
1547055314000,0.641625325,1,00000000-afb8-476e-9872-6472b4e66b68
1547055315000,0.418619696,1,00000000-afb8-476e-9872-6472b4e66b68
1547055316000,0.326198848,1,00000000-afb8-476e-9872-6472b4e66b68
1547055317000,0.004258428,1,00000000-afb8-476e-9872-6472b4e66b68
1547055318000,0.195654507,1,00000000-afb8-476e-9872-6472b4e66b68
1547055319000,0.585179567,1,00000000-afb8-476e-9872-6472b4e66b68
1547055320000,0.053767141,1,00000000-afb8-476e-9872-6472b4e66b68
1547055321000,0.891743628,1,00000000-afb8-476e-9872-6472b4e66b68
1547055322000,0.864147157,1,00000000-afb8-476e-9872-6472b4e66b68
1547055323000,0.111845734,1,00000000-afb8-476e-9872-6472b4e66b68
1547055324000,0.41388137,1,00000000-afb8-476e-9872-6472b4e66b68
1547055325000,0.573694395,1,00000000-afb8-476e-9872-6472b4e66b68
1547055326000,0.262656917,1,00000000-afb8-476e-9872-6472b4e66b68
1547055327000,0.751887252,1,00000000-afb8-476e-9872-6472b4e66b68
1547055328000,0.667163904,1,00000000-afb8-476e-9872-6472b4e66b68
1547055329000,0.849089131,1,00000000-afb8-476e-9872-6472b4e66b68
1547055330000,0.635538999,1,00000000-afb8-476e-9872-6472b4e66b68
1547055331000,0.289032526,1,00000000-afb8-476e-9872-6472b4e66b68
1547055332000,0.689292452,1,00000000-afb8-476e-9872-6472b4e66b68
1547055333000,0.491772857,1,00000000-afb8-476e-9872-6472b4e66b68
1547055334000,0.701983794,1,00000000-afb8-476e-9872-6472b4e66b68
1547055335000,0.079472574,1,00000000-afb8-476e-9872-6472b4e66b68
1547055336000,0.105777101,1,00000000-afb8-476e-9872-6472b4e66b68
1547055337000,0.336304817,1,00000000-afb8-476e-9872-6472b4e66b68
1547055338000,0.311748747,1,00000000-afb8-476e-9872-6472b4e66b68
1547055339000,0.450451372,1,00000000-afb8-476e-9872-6472b4e66b68
1547055340000,0.347595948,1,00000000-afb8-476e-9872-6472b4e66b68
1547055341000,0.236491191,1,00000000-afb8-476e-9872-6472b4e66b68
1547055342000,0.492369009,1,00000000-afb8-476e-9872-6472b4e66b68
1547055343000,0.097286328,1,00000000-afb8-476e-9872-6472b4e66b68
1547055344000,0.5227651,1,00000000-afb8-476e-9872-6472b4e66b68
1547055345000,0.287060549,1,00000000-afb8-476e-9872-6472b4e66b68
1547055346000,0.913818308,1,00000000-afb8-476e-9872-6472b4e66b68
1547055347000,0.017835109,1,00000000-afb8-476e-9872-6472b4e66b68
1547055348000,0.807846464,1,00000000-afb8-476e-9872-6472b4e66b68
1547055349000,0.559046562,1,00000000-afb8-476e-9872-6472b4e66b68
1547055350000,0.535801387,1,00000000-afb8-476e-9872-6472b4e66b68
1547055351000,0.650211902,1,00000000-afb8-476e-9872-6472b4e66b68
1547055352000,0.31484744,1,00000000-afb8-476e-9872-6472b4e66b68
1547055353000,0.844787571,1,00000000-afb8-476e-9872-6472b4e66b68
1547055354000,0.518763213,1,00000000-afb8-476e-9872-6472b4e66b68
1547055355000,0.909415969,1,00000000-afb8-476e-9872-6472b4e66b68
1547055356000,0.575574596,1,00000000-afb8-476e-9872-6472b4e66b68
1547055357000,0.239952392,1,00000000-afb8-476e-9872-6472b4e66b68
1547055358000,0.220544401,1,00000000-afb8-476e-9872-6472b4e66b68
1547055359000,0.744516487,1,00000000-afb8-476e-9872-6472b4e66b68
1547055360000,0.408920427,1,00000000-afb8-476e-9872-6472b4e66b68
1547055361000,0.714363045,1,00000000-afb8-476e-9872-6472b4e66b68
1547055362000,0.482292509,1,00000000-afb8-476e-9872-6472b4e66b68
1547055363000,0.52840719,1,00000000-afb8-476e-9872-6472b4e66b68
1547055364000,0.238325753,1,00000000-afb8-476e-9872-6472b4e66b68
1547055365000,0.461861799,1,00000000-afb8-476e-9872-6472b4e66b68
1547055366000,0.786239859,1,00000000-afb8-476e-9872-6472b4e66b68
1547055367000,0.242797025,1,00000000-afb8-476e-9872-6472b4e66b68
1547055368000,0.530812577,1,00000000-afb8-476e-9872-6472b4e66b68
1547055369000,0.795820886,1,00000000-afb8-476e-9872-6472b4e66b68
1547055370000,0.675295473,1,00000000-afb8-476e-9872-6472b4e66b68
1547055371000,0.143108911,1,00000000-afb8-476e-9872-6472b4e66b68
1547055372000,0.071406906,1,00000000-afb8-476e-9872-6472b4e66b68
1547055373000,0.740768208,1,00000000-afb8-476e-9872-6472b4e66b68
1547055374000,0.442112688,1,00000000-afb8-476e-9872-6472b4e66b68
1547055375000,0.226443543,1,00000000-afb8-476e-9872-6472b4e66b68
1547055376000,0.32890179,1,00000000-afb8-476e-9872-6472b4e66b68
1547055377000,0.755098168,1,00000000-afb8-476e-9872-6472b4e66b68
1547055378000,0.869999036,1,00000000-afb8-476e-9872-6472b4e66b68
1547055379000,0.683755565,1,00000000-afb8-476e-9872-6472b4e66b68
1547055380000,0.222403324,1,00000000-afb8-476e-9872-6472b4e66b68
1547055381000,0.531893322,1,00000000-afb8-476e-9872-6472b4e66b68
1547055382000,0.079221427,1,00000000-afb8-476e-9872-6472b4e66b68
1547055383000,0.864343827,1,00000000-afb8-476e-9872-6472b4e66b68
1547055384000,0.446123228,1,00000000-afb8-476e-9872-6472b4e66b68
1547055385000,0.938732017,1,00000000-afb8-476e-9872-6472b4e66b68
1547055386000,0.911477499,1,00000000-afb8-476e-9872-6472b4e66b68
1547055387000,0.173200151,1,00000000-afb8-476e-9872-6472b4e66b68
1547055388000,0.704017066,1,00000000-afb8-476e-9872-6472b4e66b68
1547055389000,0.63761641,1,00000000-afb8-476e-9872-6472b4e66b68
1547055390000,0.851031908,1,00000000-afb8-476e-9872-6472b4e66b68
1547055391000,0.759898987,1,00000000-afb8-476e-9872-6472b4e66b68
1547055392000,0.206068247,1,00000000-afb8-476e-9872-6472b4e66b68
1547055393000,0.246331842,1,00000000-afb8-476e-9872-6472b4e66b68
1547055394000,0.020314862,1,00000000-afb8-476e-9872-6472b4e66b68
1547055395000,0.241220553,1,00000000-afb8-476e-9872-6472b4e66b68
1547055396000,0.735814661,1,00000000-afb8-476e-9872-6472b4e66b68
1547055397000,0.310917924,1,00000000-afb8-476e-9872-6472b4e66b68
1547055398000,0.269874268,1,00000000-afb8-476e-9872-6472b4e66b68
1547055399000,0.232947602,1,00000000-afb8-476e-9872-6472b4e66b68
1547055400000,0.874485532,1,00000000-afb8-476e-9872-6472b4e66b68
1547055401000,0.946057337,1,00000000-afb8-476e-9872-6472b4e66b68
1547055402000,0.461161036,1,00000000-afb8-476e-9872-6472b4e66b68
1547055403000,0.687779802,1,00000000-afb8-476e-9872-6472b4e66b68
1547055404000,0.932722462,1,00000000-afb8-476e-9872-6472b4e66b68
1547055405000,0.350295538,1,00000000-afb8-476e-9872-6472b4e66b68
1547055406000,0.270465675,1,00000000-afb8-476e-9872-6472b4e66b68
1547055407000,0.818350308,1,00000000-afb8-476e-9872-6472b4e66b68
1547055408000,0.554624358,1,00000000-afb8-476e-9872-6472b4e66b68
1547055409000,0.778616638,1,00000000-afb8-476e-9872-6472b4e66b68
1547055410000,0.19903795,1,00000000-afb8-476e-9872-6472b4e66b68
1547055411000,0.578990601,1,00000000-afb8-476e-9872-6472b4e66b68
1547055412000,0.438232439,1,00000000-afb8-476e-9872-6472b4e66b68
1547055413000,0.707155587,1,00000000-afb8-476e-9872-6472b4e66b68
1547055414000,0.416351095,1,00000000-afb8-476e-9872-6472b4e66b68
1547055415000,0.050323312,1,00000000-afb8-476e-9872-6472b4e66b68
1547055416000,0.611592605,1,00000000-afb8-476e-9872-6472b4e66b68
1547055417000,0.635480415,1,00000000-afb8-476e-9872-6472b4e66b68
1547055418000,0.525104871,1,00000000-afb8-476e-9872-6472b4e66b68
1547055419000,0.691965717,1,00000000-afb8-476e-9872-6472b4e66b68
1547055420000,0.320885468,1,00000000-afb8-476e-9872-6472b4e66b68
1547055421000,0.442013547,1,00000000-afb8-476e-9872-6472b4e66b68
1547055422000,0.304477607,1,00000000-afb8-476e-9872-6472b4e66b68
1547055423000,0.115017657,1,00000000-afb8-476e-9872-6472b4e66b68
1547055424000,0.394263951,1,00000000-afb8-476e-9872-6472b4e66b68
1547055425000,0.753893676,1,00000000-afb8-476e-9872-6472b4e66b68
1547055426000,0.22613207,1,00000000-afb8-476e-9872-6472b4e66b68
1547055427000,0.223853235,1,00000000-afb8-476e-9872-6472b4e66b68
1547055428000,0.206733105,1,00000000-afb8-476e-9872-6472b4e66b68
1547055429000,0.464250761,1,00000000-afb8-476e-9872-6472b4e66b68
1547055430000,0.865676222,1,00000000-afb8-476e-9872-6472b4e66b68
1547055431000,0.117362411,1,00000000-afb8-476e-9872-6472b4e66b68
1547055432000,0.96462472,1,00000000-afb8-476e-9872-6472b4e66b68
1547055433000,0.216785982,1,00000000-afb8-476e-9872-6472b4e66b68
1547055434000,0.147502728,1,00000000-afb8-476e-9872-6472b4e66b68
1547055435000,0.164945549,1,00000000-afb8-476e-9872-6472b4e66b68
1547055436000,0.598643017,1,00000000-afb8-476e-9872-6472b4e66b68
1547055437000,0.574057657,1,00000000-afb8-476e-9872-6472b4e66b68
1547055438000,0.74383806,1,00000000-afb8-476e-9872-6472b4e66b68
1547055439000,0.118521915,1,00000000-afb8-476e-9872-6472b4e66b68
1547055440000,0.464393341,1,00000000-afb8-476e-9872-6472b4e66b68
1547055441000,0.206698365,1,00000000-afb8-476e-9872-6472b4e66b68
1547055442000,0.887095404,1,00000000-afb8-476e-9872-6472b4e66b68
1547055443000,0.524581913,1,00000000-afb8-476e-9872-6472b4e66b68
1547055444000,0.753352066,1,00000000-afb8-476e-9872-6472b4e66b68
1547055445000,0.574973193,1,00000000-afb8-476e-9872-6472b4e66b68
1547055446000,0.155146722,1,00000000-afb8-476e-9872-6472b4e66b68
1547055447000,0.841371173,1,00000000-afb8-476e-9872-6472b4e66b68
1547055448000,0.30124281,1,00000000-afb8-476e-9872-6472b4e66b68
1547055449000,0.881836985,1,00000000-afb8-476e-9872-6472b4e66b68
1547055450000,0.309731073,1,00000000-afb8-476e-9872-6472b4e66b68
1547055451000,0.402619117,1,00000000-afb8-476e-9872-6472b4e66b68
1547055452000,0.378554031,1,00000000-afb8-476e-9872-6472b4e66b68
1547055453000,0.465217861,1,00000000-afb8-476e-9872-6472b4e66b68
1547055454000,0.358120613,1,00000000-afb8-476e-9872-6472b4e66b68
1547055455000,0.152972168,1,00000000-afb8-476e-9872-6472b4e66b68
1547055456000,0.979444656,1,00000000-afb8-476e-9872-6472b4e66b68
1547055457000,0.621903143,1,00000000-afb8-476e-9872-6472b4e66b68
1547055458000,0.254237063,1,00000000-afb8-476e-9872-6472b4e66b68
1547055459000,0.386020267,1,00000000-afb8-476e-9872-6472b4e66b68
1547055460000,0.868854251,1,00000000-afb8-476e-9872-6472b4e66b68
1547055461000,0.443952529,1,00000000-afb8-476e-9872-6472b4e66b68
1547055462000,0.507909247,1,00000000-afb8-476e-9872-6472b4e66b68
1547055463000,0.921901795,1,00000000-afb8-476e-9872-6472b4e66b68
1547055464000,0.193908924,1,00000000-afb8-476e-9872-6472b4e66b68
1547055465000,0.778428926,1,00000000-afb8-476e-9872-6472b4e66b68
1547055466000,0.831341822,1,00000000-afb8-476e-9872-6472b4e66b68
1547055467000,0.690676943,1,00000000-afb8-476e-9872-6472b4e66b68
1547055468000,0.488472117,1,00000000-afb8-476e-9872-6472b4e66b68
1547055469000,0.475972082,1,00000000-afb8-476e-9872-6472b4e66b68
1547055470000,0.316303453,1,00000000-afb8-476e-9872-6472b4e66b68
1547055471000,0.316381569,1,00000000-afb8-476e-9872-6472b4e66b68
1547055472000,0.404628711,1,00000000-afb8-476e-9872-6472b4e66b68
1547055473000,0.286603839,1,00000000-afb8-476e-9872-6472b4e66b68
1547055474000,0.85976136,1,00000000-afb8-476e-9872-6472b4e66b68
1547055475000,0.536225918,1,00000000-afb8-476e-9872-6472b4e66b68
1547055476000,0.790962747,1,00000000-afb8-476e-9872-6472b4e66b68
1547055477000,0.792426528,1,00000000-afb8-476e-9872-6472b4e66b68
1547055478000,0.212677501,1,00000000-afb8-476e-9872-6472b4e66b68
1547055479000,0.899734264,1,00000000-afb8-476e-9872-6472b4e66b68
1547055480000,0.539464749,1,00000000-afb8-476e-9872-6472b4e66b68
1547055481000,0.220456722,1,00000000-afb8-476e-9872-6472b4e66b68
1547055482000,0.233335693,1,00000000-afb8-476e-9872-6472b4e66b68
1547055483000,0.516224926,1,00000000-afb8-476e-9872-6472b4e66b68
1547055484000,0.036656919,1,00000000-afb8-476e-9872-6472b4e66b68
1547055485000,0.972559714,1,00000000-afb8-476e-9872-6472b4e66b68
1547055486000,0.197555641,1,00000000-afb8-476e-9872-6472b4e66b68
1547055487000,0.31103846,1,00000000-afb8-476e-9872-6472b4e66b68
1547055488000,0.148907818,1,00000000-afb8-476e-9872-6472b4e66b68
1547055489000,0.607130921,1,00000000-afb8-476e-9872-6472b4e66b68
1547055490000,0.872531796,1,00000000-afb8-476e-9872-6472b4e66b68
1547055491000,0.260211974,1,00000000-afb8-476e-9872-6472b4e66b68
1547055492000,0.531693679,1,00000000-afb8-476e-9872-6472b4e66b68
1547055493000,0.619335425,1,00000000-afb8-476e-9872-6472b4e66b68
1547055494000,0.236454744,1,00000000-afb8-476e-9872-6472b4e66b68
1547055495000,0.971960832,1,00000000-afb8-476e-9872-6472b4e66b68
1547055496000,0.49048899,1,00000000-afb8-476e-9872-6472b4e66b68
1547055497000,0.997710352,1,00000000-afb8-476e-9872-6472b4e66b68
1547055498000,0.142725639,1,00000000-afb8-476e-9872-6472b4e66b68
1547055499000,0.619066976,1,00000000-afb8-476e-9872-6472b4e66b68
1547055500000,0.038049705,1,00000000-afb8-476e-9872-6472b4e66b68
1547055501000,0.80800273,1,00000000-afb8-476e-9872-6472b4e66b68
1547055502000,0.781851351,1,00000000-afb8-476e-9872-6472b4e66b68
1547055503000,0.195558203,1,00000000-afb8-476e-9872-6472b4e66b68
1547055504000,0.803699958,1,00000000-afb8-476e-9872-6472b4e66b68
1547055505000,0.924823535,1,00000000-afb8-476e-9872-6472b4e66b68
1547055506000,0.944242875,1,00000000-afb8-476e-9872-6472b4e66b68
1547055507000,0.20918335,1,00000000-afb8-476e-9872-6472b4e66b68
1547055508000,0.142260981,1,00000000-afb8-476e-9872-6472b4e66b68
1547055509000,0.526852697,1,00000000-afb8-476e-9872-6472b4e66b68
1547055510000,0.847332295,1,00000000-afb8-476e-9872-6472b4e66b68
1547055511000,0.676773871,1,00000000-afb8-476e-9872-6472b4e66b68
1547055512000,0.435270889,1,00000000-afb8-476e-9872-6472b4e66b68
1547055513000,0.689556171,1,00000000-afb8-476e-9872-6472b4e66b68
1547055514000,0.268716403,1,00000000-afb8-476e-9872-6472b4e66b68
1547055515000,0.893320009,1,00000000-afb8-476e-9872-6472b4e66b68
1547055516000,0.693065813,1,00000000-afb8-476e-9872-6472b4e66b68
1547055517000,0.270215844,1,00000000-afb8-476e-9872-6472b4e66b68
1547055518000,0.423050946,1,00000000-afb8-476e-9872-6472b4e66b68
1547055519000,0.943303998,1,00000000-afb8-476e-9872-6472b4e66b68
1547055520000,0.950774793,1,00000000-afb8-476e-9872-6472b4e66b68
1547055521000,0.358727195,1,00000000-afb8-476e-9872-6472b4e66b68
1547055522000,0.558703253,1,00000000-afb8-476e-9872-6472b4e66b68
1547055523000,0.374558691,1,00000000-afb8-476e-9872-6472b4e66b68
1547055524000,0.498561396,1,00000000-afb8-476e-9872-6472b4e66b68
1547055525000,0.907830545,1,00000000-afb8-476e-9872-6472b4e66b68
1547055526000,0.304041045,1,00000000-afb8-476e-9872-6472b4e66b68
1547055527000,0.866516794,1,00000000-afb8-476e-9872-6472b4e66b68
1547055528000,0.112321096,1,00000000-afb8-476e-9872-6472b4e66b68
1547055529000,0.358683886,1,00000000-afb8-476e-9872-6472b4e66b68
1547055530000,0.787221556,1,00000000-afb8-476e-9872-6472b4e66b68
1547055531000,0.118831175,1,00000000-afb8-476e-9872-6472b4e66b68
1547055532000,0.896016332,1,00000000-afb8-476e-9872-6472b4e66b68
1547055533000,0.946372901,1,00000000-afb8-476e-9872-6472b4e66b68
1547055534000,0.818363074,1,00000000-afb8-476e-9872-6472b4e66b68
1547055535000,0.059778523,1,00000000-afb8-476e-9872-6472b4e66b68
1547055536000,0.996937384,1,00000000-afb8-476e-9872-6472b4e66b68
1547055537000,0.888696139,1,00000000-afb8-476e-9872-6472b4e66b68
1547055538000,0.806735382,1,00000000-afb8-476e-9872-6472b4e66b68
1547055539000,0.744119276,1,00000000-afb8-476e-9872-6472b4e66b68
1547055540000,0.073887651,1,00000000-afb8-476e-9872-6472b4e66b68
1547055541000,0.45542365,1,00000000-afb8-476e-9872-6472b4e66b68
1547055542000,0.629757033,1,00000000-afb8-476e-9872-6472b4e66b68
1547055543000,0.67459103,1,00000000-afb8-476e-9872-6472b4e66b68
1547055544000,0.513277101,1,00000000-afb8-476e-9872-6472b4e66b68
1547055545000,0.131369076,1,00000000-afb8-476e-9872-6472b4e66b68
1547055546000,0.604344202,1,00000000-afb8-476e-9872-6472b4e66b68
1547055547000,0.12731815,1,00000000-afb8-476e-9872-6472b4e66b68
1547055548000,0.424741964,1,00000000-afb8-476e-9872-6472b4e66b68
1547055549000,0.245252707,1,00000000-afb8-476e-9872-6472b4e66b68
1547055550000,0.348084051,1,00000000-afb8-476e-9872-6472b4e66b68
1547055551000,0.663780558,1,00000000-afb8-476e-9872-6472b4e66b68
1547055552000,0.939751026,1,00000000-afb8-476e-9872-6472b4e66b68
1547055553000,0.321874684,1,00000000-afb8-476e-9872-6472b4e66b68
1547055554000,0.497794038,1,00000000-afb8-476e-9872-6472b4e66b68
1547055555000,0.170816799,1,00000000-afb8-476e-9872-6472b4e66b68
1547055556000,0.181994145,1,00000000-afb8-476e-9872-6472b4e66b68
1547055557000,0.014919477,1,00000000-afb8-476e-9872-6472b4e66b68
1547055558000,0.742030588,1,00000000-afb8-476e-9872-6472b4e66b68
1547055559000,0.107454466,1,00000000-afb8-476e-9872-6472b4e66b68
1547055560000,0.005802389,1,00000000-afb8-476e-9872-6472b4e66b68
1547055561000,0.919166762,1,00000000-afb8-476e-9872-6472b4e66b68
1547055562000,0.284008584,1,00000000-afb8-476e-9872-6472b4e66b68
1547055563000,0.652357943,1,00000000-afb8-476e-9872-6472b4e66b68
1547055564000,0.272155446,1,00000000-afb8-476e-9872-6472b4e66b68
1547055565000,0.692743037,1,00000000-afb8-476e-9872-6472b4e66b68
1547055566000,0.867868575,1,00000000-afb8-476e-9872-6472b4e66b68
1547055567000,0.087854729,1,00000000-afb8-476e-9872-6472b4e66b68
1547055568000,0.480322697,1,00000000-afb8-476e-9872-6472b4e66b68
1547055569000,0.916703471,1,00000000-afb8-476e-9872-6472b4e66b68
1547055570000,0.75151115,1,00000000-afb8-476e-9872-6472b4e66b68
1547055571000,0.438543403,1,00000000-afb8-476e-9872-6472b4e66b68
1547055572000,0.027654177,1,00000000-afb8-476e-9872-6472b4e66b68
1547055573000,0.886582668,1,00000000-afb8-476e-9872-6472b4e66b68
1547055574000,0.526999227,1,00000000-afb8-476e-9872-6472b4e66b68
1547055575000,0.509093955,1,00000000-afb8-476e-9872-6472b4e66b68
1547055576000,0.647225317,1,00000000-afb8-476e-9872-6472b4e66b68
1547055577000,0.56037947,1,00000000-afb8-476e-9872-6472b4e66b68
1547055578000,0.3503221,1,00000000-afb8-476e-9872-6472b4e66b68
1547055579000,0.697069387,1,00000000-afb8-476e-9872-6472b4e66b68
1547055580000,0.003623443,1,00000000-afb8-476e-9872-6472b4e66b68
1547055581000,0.835840712,1,00000000-afb8-476e-9872-6472b4e66b68
1547055582000,0.647556669,1,00000000-afb8-476e-9872-6472b4e66b68
1547055583000,0.950701042,1,00000000-afb8-476e-9872-6472b4e66b68
1547055584000,0.293713034,1,00000000-afb8-476e-9872-6472b4e66b68
1547055585000,0.768148708,1,00000000-afb8-476e-9872-6472b4e66b68
1547055586000,0.621125811,1,00000000-afb8-476e-9872-6472b4e66b68
1547055587000,0.44781547487814500,1,00000000-afb8-476e-9872-6472b4e66b68
1547055588000,0.089180327,1,00000000-afb8-476e-9872-6472b4e66b68
1547055589000,0.744496862,1,00000000-afb8-476e-9872-6472b4e66b68
1547055590000,0.218293069,1,00000000-afb8-476e-9872-6472b4e66b68
1547055591000,0.166417344,1,00000000-afb8-476e-9872-6472b4e66b68
1547055592000,0.680399932,1,00000000-afb8-476e-9872-6472b4e66b68
1547055593000,0.28655298,1,00000000-afb8-476e-9872-6472b4e66b68
1547055594000,0.217060538,1,00000000-afb8-476e-9872-6472b4e66b68
1547055595000,0.192823277,1,00000000-afb8-476e-9872-6472b4e66b68
1547055596000,0.649091233,1,00000000-afb8-476e-9872-6472b4e66b68
1547055597000,0.819487796,1,00000000-afb8-476e-9872-6472b4e66b68
1547055598000,0.23217393,1,00000000-afb8-476e-9872-6472b4e66b68
1547055599000,0.750861631,1,00000000-afb8-476e-9872-6472b4e66b68
1547055600000,0.254491767,1,00000000-afb8-476e-9872-6472b4e66b68
1547055601000,0.978139606,1,00000000-afb8-476e-9872-6472b4e66b68
1547055602000,0.280203044,1,00000000-afb8-476e-9872-6472b4e66b68
1547055603000,0.911643246,1,00000000-afb8-476e-9872-6472b4e66b68
1547055604000,0.005713672,1,00000000-afb8-476e-9872-6472b4e66b68
1547055605000,0.43498814,1,00000000-afb8-476e-9872-6472b4e66b68
1547055606000,0.119112719,1,00000000-afb8-476e-9872-6472b4e66b68
1547055607000,0.260842591,1,00000000-afb8-476e-9872-6472b4e66b68
1547055608000,0.050674345,1,00000000-afb8-476e-9872-6472b4e66b68
1547055609000,0.95581594,1,00000000-afb8-476e-9872-6472b4e66b68
1547055610000,0.098798491,1,00000000-afb8-476e-9872-6472b4e66b68
1547055611000,0.406605288,1,00000000-afb8-476e-9872-6472b4e66b68
1547055612000,0.293712736,1,00000000-afb8-476e-9872-6472b4e66b68
1547055613000,0.985934251,1,00000000-afb8-476e-9872-6472b4e66b68
1547055614000,0.255269217,1,00000000-afb8-476e-9872-6472b4e66b68
1547055615000,0.779067963,1,00000000-afb8-476e-9872-6472b4e66b68
1547055616000,0.384471455,1,00000000-afb8-476e-9872-6472b4e66b68
1547055617000,0.157820076,1,00000000-afb8-476e-9872-6472b4e66b68
1547055618000,0.551885772,1,00000000-afb8-476e-9872-6472b4e66b68
1547055619000,0.622769943,1,00000000-afb8-476e-9872-6472b4e66b68
1547055620000,0.830934457,1,00000000-afb8-476e-9872-6472b4e66b68
1547055621000,0.82364956,1,00000000-afb8-476e-9872-6472b4e66b68
1547055622000,0.572547127,1,00000000-afb8-476e-9872-6472b4e66b68
1547055623000,0.974512278,1,00000000-afb8-476e-9872-6472b4e66b68
1547055624000,0.030671155,1,00000000-afb8-476e-9872-6472b4e66b68
1547055625000,0.406142943,1,00000000-afb8-476e-9872-6472b4e66b68
1547055626000,0.141376132,1,00000000-afb8-476e-9872-6472b4e66b68
1547055627000,0.328217459,1,00000000-afb8-476e-9872-6472b4e66b68
1547055628000,0.552179303,1,00000000-afb8-476e-9872-6472b4e66b68
1547055629000,0.017896787,1,00000000-afb8-476e-9872-6472b4e66b68
1547055630000,0.812883597,1,00000000-afb8-476e-9872-6472b4e66b68
1547055631000,0.641536946,1,00000000-afb8-476e-9872-6472b4e66b68
1547055632000,0.997686975,1,00000000-afb8-476e-9872-6472b4e66b68
1547055633000,0.206291195,1,00000000-afb8-476e-9872-6472b4e66b68
1547055634000,0.295355851,1,00000000-afb8-476e-9872-6472b4e66b68
1547055635000,0.564988558,1,00000000-afb8-476e-9872-6472b4e66b68
1547055636000,0.689388344,1,00000000-afb8-476e-9872-6472b4e66b68
1547055637000,0.084838287,1,00000000-afb8-476e-9872-6472b4e66b68
1547055638000,0.959682245,1,00000000-afb8-476e-9872-6472b4e66b68
1547055639000,0.833906756,1,00000000-afb8-476e-9872-6472b4e66b68
1547055640000,0.266990507,1,00000000-afb8-476e-9872-6472b4e66b68
1547055641000,0.926339485,1,00000000-afb8-476e-9872-6472b4e66b68
1547055642000,0.566505855,1,00000000-afb8-476e-9872-6472b4e66b68
1547055643000,0.553244193,1,00000000-afb8-476e-9872-6472b4e66b68
1547055644000,0.13167086,1,00000000-afb8-476e-9872-6472b4e66b68
1547055645000,0.352505899,1,00000000-afb8-476e-9872-6472b4e66b68
1547055646000,0.006946721,1,00000000-afb8-476e-9872-6472b4e66b68
1547055647000,0.38724365,1,00000000-afb8-476e-9872-6472b4e66b68
1547055648000,0.961932625,1,00000000-afb8-476e-9872-6472b4e66b68
1547055649000,0.79214131,1,00000000-afb8-476e-9872-6472b4e66b68
1547055650000,0.125336768,1,00000000-afb8-476e-9872-6472b4e66b68
1547055651000,0.988918792,1,00000000-afb8-476e-9872-6472b4e66b68
1547055652000,0.050003214,1,00000000-afb8-476e-9872-6472b4e66b68
1547055653000,0.692542137,1,00000000-afb8-476e-9872-6472b4e66b68
1547055654000,0.70721992,1,00000000-afb8-476e-9872-6472b4e66b68
1547055655000,0.051030055,1,00000000-afb8-476e-9872-6472b4e66b68
1547055656000,0.228683977,1,00000000-afb8-476e-9872-6472b4e66b68
1547055657000,0.188222076,1,00000000-afb8-476e-9872-6472b4e66b68
1547055658000,0.242170211,1,00000000-afb8-476e-9872-6472b4e66b68
1547055659000,0.073953794,1,00000000-afb8-476e-9872-6472b4e66b68
1547055660000,0.010431828,1,00000000-afb8-476e-9872-6472b4e66b68
1547055661000,0.523246241,1,00000000-afb8-476e-9872-6472b4e66b68
1547055662000,0.66036694,1,00000000-afb8-476e-9872-6472b4e66b68
1547055663000,0.946600821,1,00000000-afb8-476e-9872-6472b4e66b68
1547055664000,0.898358172,1,00000000-afb8-476e-9872-6472b4e66b68
1547055665000,0.982342156,1,00000000-afb8-476e-9872-6472b4e66b68
1547055666000,0.046082976,1,00000000-afb8-476e-9872-6472b4e66b68
1547055667000,0.566349211,1,00000000-afb8-476e-9872-6472b4e66b68
1547055668000,0.104134083,1,00000000-afb8-476e-9872-6472b4e66b68
1547055669000,0.356913889,1,00000000-afb8-476e-9872-6472b4e66b68
1547055670000,0.673168678,1,00000000-afb8-476e-9872-6472b4e66b68
1547055671000,0.898867365,1,00000000-afb8-476e-9872-6472b4e66b68
1547055672000,0.337090179,1,00000000-afb8-476e-9872-6472b4e66b68
1547055673000,0.527018815,1,00000000-afb8-476e-9872-6472b4e66b68
1547055674000,0.889831263,1,00000000-afb8-476e-9872-6472b4e66b68
1547055675000,0.000757744,1,00000000-afb8-476e-9872-6472b4e66b68
1547055676000,0.259454773,1,00000000-afb8-476e-9872-6472b4e66b68
1547055677000,0.607365932,1,00000000-afb8-476e-9872-6472b4e66b68
1547055678000,0.288546311,1,00000000-afb8-476e-9872-6472b4e66b68
1547055679000,0.825956907,1,00000000-afb8-476e-9872-6472b4e66b68
1547055680000,0.06426539,1,00000000-afb8-476e-9872-6472b4e66b68
1547055681000,0.067219521,1,00000000-afb8-476e-9872-6472b4e66b68
1547055682000,0.028154705971863800,1,00000000-afb8-476e-9872-6472b4e66b68
1547055683000,0.990961311,1,00000000-afb8-476e-9872-6472b4e66b68
1547055684000,0.851995098,1,00000000-afb8-476e-9872-6472b4e66b68
1547055685000,0.391043403,1,00000000-afb8-476e-9872-6472b4e66b68
1547055686000,0.656983809,1,00000000-afb8-476e-9872-6472b4e66b68
1547055687000,0.718327965,1,00000000-afb8-476e-9872-6472b4e66b68
1547055688000,0.425005427,1,00000000-afb8-476e-9872-6472b4e66b68
1547055689000,0.085094989,1,00000000-afb8-476e-9872-6472b4e66b68
1547055690000,0.867921649,1,00000000-afb8-476e-9872-6472b4e66b68
1547055691000,0.872100695,1,00000000-afb8-476e-9872-6472b4e66b68
1547055692000,0.022235762,1,00000000-afb8-476e-9872-6472b4e66b68
1547055693000,0.938327849,1,00000000-afb8-476e-9872-6472b4e66b68
1547055694000,0.845785192,1,00000000-afb8-476e-9872-6472b4e66b68
1547055695000,0.26586736,1,00000000-afb8-476e-9872-6472b4e66b68
1547055696000,0.428740102,1,00000000-afb8-476e-9872-6472b4e66b68
1547055697000,0.323380956,1,00000000-afb8-476e-9872-6472b4e66b68
1547055698000,0.453054087,1,00000000-afb8-476e-9872-6472b4e66b68
1547055699000,0.337487996,1,00000000-afb8-476e-9872-6472b4e66b68
1547055700000,0.120873203,1,00000000-afb8-476e-9872-6472b4e66b68
1547055701000,0.98891136,1,00000000-afb8-476e-9872-6472b4e66b68
1547055702000,0.597228372,1,00000000-afb8-476e-9872-6472b4e66b68
1547055703000,0.143445891,1,00000000-afb8-476e-9872-6472b4e66b68
1547055704000,0.441082449,1,00000000-afb8-476e-9872-6472b4e66b68
1547055705000,0.22217103424415500,1,00000000-afb8-476e-9872-6472b4e66b68
1547055706000,0.026277155,1,00000000-afb8-476e-9872-6472b4e66b68
1547055707000,0.345586361,1,00000000-afb8-476e-9872-6472b4e66b68
1547055708000,0.334298234,1,00000000-afb8-476e-9872-6472b4e66b68
1547055709000,0.466529209,1,00000000-afb8-476e-9872-6472b4e66b68
1547055710000,0.473622662,1,00000000-afb8-476e-9872-6472b4e66b68
1547055711000,0.854322446,1,00000000-afb8-476e-9872-6472b4e66b68
1547055712000,0.138710102,1,00000000-afb8-476e-9872-6472b4e66b68
1547055713000,0.825551812,1,00000000-afb8-476e-9872-6472b4e66b68
1547055714000,0.175121652,1,00000000-afb8-476e-9872-6472b4e66b68
1547055715000,0.268518882,1,00000000-afb8-476e-9872-6472b4e66b68
1547055716000,0.883176933,1,00000000-afb8-476e-9872-6472b4e66b68
1547055717000,0.61292792,1,00000000-afb8-476e-9872-6472b4e66b68
1547055718000,0.062290383,1,00000000-afb8-476e-9872-6472b4e66b68
1547055719000,0.339402347,1,00000000-afb8-476e-9872-6472b4e66b68
1547055720000,0.337828099,1,00000000-afb8-476e-9872-6472b4e66b68
1547055721000,0.401124643,1,00000000-afb8-476e-9872-6472b4e66b68
1547055722000,0.237652432,1,00000000-afb8-476e-9872-6472b4e66b68
1547055723000,0.537641163,1,00000000-afb8-476e-9872-6472b4e66b68
1547055724000,0.684464059,1,00000000-afb8-476e-9872-6472b4e66b68
1547055725000,0.155095942,1,00000000-afb8-476e-9872-6472b4e66b68
1547055726000,0.228098733,1,00000000-afb8-476e-9872-6472b4e66b68
1547055727000,0.006272785,1,00000000-afb8-476e-9872-6472b4e66b68
1547055728000,0.224568481,1,00000000-afb8-476e-9872-6472b4e66b68
1547055729000,0.949632294,1,00000000-afb8-476e-9872-6472b4e66b68
1547055730000,0.238093,1,00000000-afb8-476e-9872-6472b4e66b68
1547055731000,0.777187218,1,00000000-afb8-476e-9872-6472b4e66b68
1547055732000,0.658220759,1,00000000-afb8-476e-9872-6472b4e66b68
1547055733000,0.610789334,1,00000000-afb8-476e-9872-6472b4e66b68
1547055734000,0.480656118,1,00000000-afb8-476e-9872-6472b4e66b68
1547055735000,0.534992282,1,00000000-afb8-476e-9872-6472b4e66b68
1547055736000,0.374232859,1,00000000-afb8-476e-9872-6472b4e66b68
1547055737000,0.190465935,1,00000000-afb8-476e-9872-6472b4e66b68
1547055738000,0.119507078,1,00000000-afb8-476e-9872-6472b4e66b68
1547055739000,0.379419984,1,00000000-afb8-476e-9872-6472b4e66b68
1547055740000,0.406422756,1,00000000-afb8-476e-9872-6472b4e66b68
1547055741000,0.153056258,1,00000000-afb8-476e-9872-6472b4e66b68
1547055742000,0.236775915,1,00000000-afb8-476e-9872-6472b4e66b68
1547055743000,0.628466954,1,00000000-afb8-476e-9872-6472b4e66b68
1547055744000,0.379205932,1,00000000-afb8-476e-9872-6472b4e66b68
1547055745000,0.003230158,1,00000000-afb8-476e-9872-6472b4e66b68
1547055746000,0.126745757,1,00000000-afb8-476e-9872-6472b4e66b68
1547055747000,0.284334606,1,00000000-afb8-476e-9872-6472b4e66b68
1547055748000,0.357168225,1,00000000-afb8-476e-9872-6472b4e66b68
1547055749000,0.431112167,1,00000000-afb8-476e-9872-6472b4e66b68
1547055750000,0.514115609,1,00000000-afb8-476e-9872-6472b4e66b68
1547055751000,0.772949948,1,00000000-afb8-476e-9872-6472b4e66b68
1547055752000,0.130052981,1,00000000-afb8-476e-9872-6472b4e66b68
1547055753000,0.645806305,1,00000000-afb8-476e-9872-6472b4e66b68
1547055754000,0.415683027,1,00000000-afb8-476e-9872-6472b4e66b68
1547055755000,0.777312533,1,00000000-afb8-476e-9872-6472b4e66b68
1547055756000,0.187605555,1,00000000-afb8-476e-9872-6472b4e66b68
1547055757000,0.761819379,1,00000000-afb8-476e-9872-6472b4e66b68
1547055758000,0.714433818,1,00000000-afb8-476e-9872-6472b4e66b68
1547055759000,0.537454669,1,00000000-afb8-476e-9872-6472b4e66b68
1547055760000,0.109299877,1,00000000-afb8-476e-9872-6472b4e66b68
1547055761000,0.556875712,1,00000000-afb8-476e-9872-6472b4e66b68
1547055762000,0.946121737,1,00000000-afb8-476e-9872-6472b4e66b68
1547055763000,0.319660425,1,00000000-afb8-476e-9872-6472b4e66b68
1547055764000,0.656924419,1,00000000-afb8-476e-9872-6472b4e66b68
1547055765000,0.423798258,1,00000000-afb8-476e-9872-6472b4e66b68
1547055766000,0.848826807,1,00000000-afb8-476e-9872-6472b4e66b68
1547055767000,0.408036032,1,00000000-afb8-476e-9872-6472b4e66b68
1547055768000,0.798578487,1,00000000-afb8-476e-9872-6472b4e66b68
1547055769000,0.827574806,1,00000000-afb8-476e-9872-6472b4e66b68
1547055770000,0.887975204,1,00000000-afb8-476e-9872-6472b4e66b68
1547055771000,0.913514548,1,00000000-afb8-476e-9872-6472b4e66b68
1547055772000,0.582100051,1,00000000-afb8-476e-9872-6472b4e66b68
1547055773000,0.04388583,1,00000000-afb8-476e-9872-6472b4e66b68
1547055774000,0.952949891,1,00000000-afb8-476e-9872-6472b4e66b68
1547055775000,0.559142027,1,00000000-afb8-476e-9872-6472b4e66b68
1547055776000,0.660050897,1,00000000-afb8-476e-9872-6472b4e66b68
1547055777000,0.207937528,1,00000000-afb8-476e-9872-6472b4e66b68
1547055778000,0.00419673,1,00000000-afb8-476e-9872-6472b4e66b68
1547055779000,0.265631379,1,00000000-afb8-476e-9872-6472b4e66b68
1547055780000,0.243166579,1,00000000-afb8-476e-9872-6472b4e66b68
1547055781000,0.737556038,1,00000000-afb8-476e-9872-6472b4e66b68
1547055782000,0.894463277,1,00000000-afb8-476e-9872-6472b4e66b68
1547055783000,0.235586556,1,00000000-afb8-476e-9872-6472b4e66b68
1547055784000,0.733455791,1,00000000-afb8-476e-9872-6472b4e66b68
1547055785000,0.047992157,1,00000000-afb8-476e-9872-6472b4e66b68
1547055786000,0.404437523,1,00000000-afb8-476e-9872-6472b4e66b68
1547055787000,0.937110723,1,00000000-afb8-476e-9872-6472b4e66b68
1547055788000,0.927384104,1,00000000-afb8-476e-9872-6472b4e66b68
1547055789000,0.60103643,1,00000000-afb8-476e-9872-6472b4e66b68
1547055790000,0.142725789,1,00000000-afb8-476e-9872-6472b4e66b68
1547055791000,0.612921472,1,00000000-afb8-476e-9872-6472b4e66b68
1547055792000,0.460444556,1,00000000-afb8-476e-9872-6472b4e66b68
1547055793000,0.056321728,1,00000000-afb8-476e-9872-6472b4e66b68
1547055794000,0.712210048,1,00000000-afb8-476e-9872-6472b4e66b68
1547055795000,0.012800527,1,00000000-afb8-476e-9872-6472b4e66b68
1547055796000,0.741681001,1,00000000-afb8-476e-9872-6472b4e66b68
1547055797000,0.871571698,1,00000000-afb8-476e-9872-6472b4e66b68
1547055798000,0.644238851,1,00000000-afb8-476e-9872-6472b4e66b68
1547055799000,0.606560134,1,00000000-afb8-476e-9872-6472b4e66b68
1547055800000,0.097009433,1,00000000-afb8-476e-9872-6472b4e66b68
1547055801000,0.482866961,1,00000000-afb8-476e-9872-6472b4e66b68
1547055802000,0.4608826,1,00000000-afb8-476e-9872-6472b4e66b68
1547055803000,0.293946468,1,00000000-afb8-476e-9872-6472b4e66b68
1547055804000,0.16399741,1,00000000-afb8-476e-9872-6472b4e66b68
1547055805000,0.552303999,1,00000000-afb8-476e-9872-6472b4e66b68
1547055806000,0.475092369,1,00000000-afb8-476e-9872-6472b4e66b68
1547055807000,0.845045892,1,00000000-afb8-476e-9872-6472b4e66b68
1547055808000,0.547892142,1,00000000-afb8-476e-9872-6472b4e66b68
1547055809000,0.347106768,1,00000000-afb8-476e-9872-6472b4e66b68
1547055810000,0.71500658,1,00000000-afb8-476e-9872-6472b4e66b68
1547055811000,0.364191369,1,00000000-afb8-476e-9872-6472b4e66b68
1547055812000,0.38793245,1,00000000-afb8-476e-9872-6472b4e66b68
1547055813000,0.120286296,1,00000000-afb8-476e-9872-6472b4e66b68
1547055814000,0.128943085,1,00000000-afb8-476e-9872-6472b4e66b68
1547055815000,0.13978881,1,00000000-afb8-476e-9872-6472b4e66b68
1547055816000,0.746805311,1,00000000-afb8-476e-9872-6472b4e66b68
1547055817000,0.739646904,1,00000000-afb8-476e-9872-6472b4e66b68
1547055818000,0.240568453,1,00000000-afb8-476e-9872-6472b4e66b68
1547055819000,0.88280271,1,00000000-afb8-476e-9872-6472b4e66b68
1547055820000,0.860667915,1,00000000-afb8-476e-9872-6472b4e66b68
1547055821000,0.568130039,1,00000000-afb8-476e-9872-6472b4e66b68
1547055822000,0.443568773,1,00000000-afb8-476e-9872-6472b4e66b68
1547055823000,0.829494932,1,00000000-afb8-476e-9872-6472b4e66b68
1547055824000,0.113484048,1,00000000-afb8-476e-9872-6472b4e66b68
1547055825000,0.127187885,1,00000000-afb8-476e-9872-6472b4e66b68
1547055826000,0.891064797,1,00000000-afb8-476e-9872-6472b4e66b68
1547055827000,0.27665922,1,00000000-afb8-476e-9872-6472b4e66b68
1547055828000,0.394871817,1,00000000-afb8-476e-9872-6472b4e66b68
1547055829000,0.88279325,1,00000000-afb8-476e-9872-6472b4e66b68
1547055830000,0.530648986,1,00000000-afb8-476e-9872-6472b4e66b68
1547055831000,0.424233384,1,00000000-afb8-476e-9872-6472b4e66b68
1547055832000,0.042710925,1,00000000-afb8-476e-9872-6472b4e66b68
1547055833000,0.802575856,1,00000000-afb8-476e-9872-6472b4e66b68
1547055834000,0.437825604,1,00000000-afb8-476e-9872-6472b4e66b68
1547055835000,0.589544714,1,00000000-afb8-476e-9872-6472b4e66b68
1547055836000,0.964365363,1,00000000-afb8-476e-9872-6472b4e66b68
1547055837000,0.659130576,1,00000000-afb8-476e-9872-6472b4e66b68
1547055838000,0.642235365,1,00000000-afb8-476e-9872-6472b4e66b68
1547055839000,0.997162941,1,00000000-afb8-476e-9872-6472b4e66b68
1547055840000,0.726277971,1,00000000-afb8-476e-9872-6472b4e66b68
1547055841000,0.630516624,1,00000000-afb8-476e-9872-6472b4e66b68
1547055842000,0.047963858,1,00000000-afb8-476e-9872-6472b4e66b68
1547055843000,0.170140528,1,00000000-afb8-476e-9872-6472b4e66b68
1547055844000,0.045302091,1,00000000-afb8-476e-9872-6472b4e66b68
1547055845000,0.043983903,1,00000000-afb8-476e-9872-6472b4e66b68
1547055846000,0.628341439,1,00000000-afb8-476e-9872-6472b4e66b68
1547055847000,0.472391694,1,00000000-afb8-476e-9872-6472b4e66b68
1547055848000,0.823387696,1,00000000-afb8-476e-9872-6472b4e66b68
1547055849000,0.045085591,1,00000000-afb8-476e-9872-6472b4e66b68
1547055850000,0.547693392,1,00000000-afb8-476e-9872-6472b4e66b68
1547055851000,0.224938777,1,00000000-afb8-476e-9872-6472b4e66b68
1547055852000,0.347624006,1,00000000-afb8-476e-9872-6472b4e66b68
1547055853000,0.059020296,1,00000000-afb8-476e-9872-6472b4e66b68
1547055854000,0.81308512,1,00000000-afb8-476e-9872-6472b4e66b68
1547055855000,0.217341977,1,00000000-afb8-476e-9872-6472b4e66b68
1547055856000,0.437999753,1,00000000-afb8-476e-9872-6472b4e66b68
1547055857000,0.289730513,1,00000000-afb8-476e-9872-6472b4e66b68
1547055858000,0.935778193,1,00000000-afb8-476e-9872-6472b4e66b68
1547055859000,0.437214428,1,00000000-afb8-476e-9872-6472b4e66b68
1547055860000,0.634645869,1,00000000-afb8-476e-9872-6472b4e66b68
1547055861000,0.976490491,1,00000000-afb8-476e-9872-6472b4e66b68
1547055862000,0.651970603,1,00000000-afb8-476e-9872-6472b4e66b68
1547055863000,0.863959403,1,00000000-afb8-476e-9872-6472b4e66b68
1547055864000,0.376625902,1,00000000-afb8-476e-9872-6472b4e66b68
1547055865000,0.721316454,1,00000000-afb8-476e-9872-6472b4e66b68
1547055866000,0.782422033,1,00000000-afb8-476e-9872-6472b4e66b68
1547055867000,0.823882924,1,00000000-afb8-476e-9872-6472b4e66b68
1547055868000,0.422071942,1,00000000-afb8-476e-9872-6472b4e66b68
1547055869000,0.441647845,1,00000000-afb8-476e-9872-6472b4e66b68
1547055870000,0.337663075,1,00000000-afb8-476e-9872-6472b4e66b68
1547055871000,0.925465994,1,00000000-afb8-476e-9872-6472b4e66b68
1547055872000,0.295029572,1,00000000-afb8-476e-9872-6472b4e66b68
1547055873000,0.658727856,1,00000000-afb8-476e-9872-6472b4e66b68
1547055874000,0.745579541,1,00000000-afb8-476e-9872-6472b4e66b68
1547055875000,0.852389971,1,00000000-afb8-476e-9872-6472b4e66b68
1547055876000,0.211771256,1,00000000-afb8-476e-9872-6472b4e66b68
1547055877000,0.716841844,1,00000000-afb8-476e-9872-6472b4e66b68
1547055878000,0.882055936,1,00000000-afb8-476e-9872-6472b4e66b68
1547055879000,0.83393433,1,00000000-afb8-476e-9872-6472b4e66b68
1547055880000,0.088815942,1,00000000-afb8-476e-9872-6472b4e66b68
1547055881000,0.764671753,1,00000000-afb8-476e-9872-6472b4e66b68
1547055882000,0.126190777,1,00000000-afb8-476e-9872-6472b4e66b68
1547055883000,0.022032788,1,00000000-afb8-476e-9872-6472b4e66b68
1547055884000,0.70617241,1,00000000-afb8-476e-9872-6472b4e66b68
1547055885000,0.160207202,1,00000000-afb8-476e-9872-6472b4e66b68
1547055886000,0.508492634,1,00000000-afb8-476e-9872-6472b4e66b68
1547055887000,0.151112187,1,00000000-afb8-476e-9872-6472b4e66b68
1547055888000,0.60433084,1,00000000-afb8-476e-9872-6472b4e66b68
1547055889000,0.621170673,1,00000000-afb8-476e-9872-6472b4e66b68
1547055890000,0.964049275,1,00000000-afb8-476e-9872-6472b4e66b68
1547055891000,0.955455423,1,00000000-afb8-476e-9872-6472b4e66b68
1547055892000,0.702784122,1,00000000-afb8-476e-9872-6472b4e66b68
1547055893000,0.903068842,1,00000000-afb8-476e-9872-6472b4e66b68
1547055894000,0.379113463,1,00000000-afb8-476e-9872-6472b4e66b68
1547055895000,0.465124215,1,00000000-afb8-476e-9872-6472b4e66b68
1547055896000,0.917100394,1,00000000-afb8-476e-9872-6472b4e66b68
1547055897000,0.843496364,1,00000000-afb8-476e-9872-6472b4e66b68
1547055898000,0.547128948,1,00000000-afb8-476e-9872-6472b4e66b68
1547055899000,0.349395322,1,00000000-afb8-476e-9872-6472b4e66b68
1547055900000,0.976010326,1,00000000-afb8-476e-9872-6472b4e66b68
1547055901000,0.194583812,1,00000000-afb8-476e-9872-6472b4e66b68
1547055902000,0.458916357,1,00000000-afb8-476e-9872-6472b4e66b68
1547055903000,0.895994727,1,00000000-afb8-476e-9872-6472b4e66b68
1547055904000,0.927579097,1,00000000-afb8-476e-9872-6472b4e66b68
1547055905000,0.517197896,1,00000000-afb8-476e-9872-6472b4e66b68
1547055906000,0.431397908,1,00000000-afb8-476e-9872-6472b4e66b68
1547055907000,0.184051315,1,00000000-afb8-476e-9872-6472b4e66b68
1547055908000,0.899446151,1,00000000-afb8-476e-9872-6472b4e66b68
1547055909000,0.31012539,1,00000000-afb8-476e-9872-6472b4e66b68
1547055910000,0.535080313,1,00000000-afb8-476e-9872-6472b4e66b68
1547055911000,0.266166386,1,00000000-afb8-476e-9872-6472b4e66b68
1547055912000,0.13584165,1,00000000-afb8-476e-9872-6472b4e66b68
1547055913000,0.619623102,1,00000000-afb8-476e-9872-6472b4e66b68
1547055914000,0.405179255,1,00000000-afb8-476e-9872-6472b4e66b68
1547055915000,0.837867115,1,00000000-afb8-476e-9872-6472b4e66b68
1547055916000,0.896935426,1,00000000-afb8-476e-9872-6472b4e66b68
1547055917000,0.801309413,1,00000000-afb8-476e-9872-6472b4e66b68
1547055918000,0.03502787,1,00000000-afb8-476e-9872-6472b4e66b68
1547055919000,0.327389591,1,00000000-afb8-476e-9872-6472b4e66b68
1547055920000,0.618988779,1,00000000-afb8-476e-9872-6472b4e66b68
1547055921000,0.778432004,1,00000000-afb8-476e-9872-6472b4e66b68
1547055922000,0.361198935,1,00000000-afb8-476e-9872-6472b4e66b68
1547055923000,0.28287287,1,00000000-afb8-476e-9872-6472b4e66b68
1547055924000,0.518527647,1,00000000-afb8-476e-9872-6472b4e66b68
1547055925000,0.733237863,1,00000000-afb8-476e-9872-6472b4e66b68
1547055926000,0.604149157,1,00000000-afb8-476e-9872-6472b4e66b68
1547055927000,0.907748948,1,00000000-afb8-476e-9872-6472b4e66b68
1547055928000,0.744961818,1,00000000-afb8-476e-9872-6472b4e66b68
1547055929000,0.580118928,1,00000000-afb8-476e-9872-6472b4e66b68
1547055930000,0.641060918,1,00000000-afb8-476e-9872-6472b4e66b68
1547055931000,0.760064931,1,00000000-afb8-476e-9872-6472b4e66b68
1547055932000,0.22993488,1,00000000-afb8-476e-9872-6472b4e66b68
1547055933000,0.031523342,1,00000000-afb8-476e-9872-6472b4e66b68
1547055934000,0.896833208,1,00000000-afb8-476e-9872-6472b4e66b68
1547055935000,0.1204207,1,00000000-afb8-476e-9872-6472b4e66b68
1547055936000,0.361372475,1,00000000-afb8-476e-9872-6472b4e66b68
1547055937000,0.820168816,1,00000000-afb8-476e-9872-6472b4e66b68
1547055938000,0.299955873,1,00000000-afb8-476e-9872-6472b4e66b68
1547055939000,0.090926675,1,00000000-afb8-476e-9872-6472b4e66b68
1547055940000,0.237051064,1,00000000-afb8-476e-9872-6472b4e66b68
1547055941000,0.035698157,1,00000000-afb8-476e-9872-6472b4e66b68
1547055942000,0.456462197,1,00000000-afb8-476e-9872-6472b4e66b68
1547055943000,0.203861171,1,00000000-afb8-476e-9872-6472b4e66b68
1547055944000,0.717415032,1,00000000-afb8-476e-9872-6472b4e66b68
1547055945000,0.400901515,1,00000000-afb8-476e-9872-6472b4e66b68
1547055946000,0.89619998,1,00000000-afb8-476e-9872-6472b4e66b68
1547055947000,0.153010748,1,00000000-afb8-476e-9872-6472b4e66b68
1547055948000,0.547500717,1,00000000-afb8-476e-9872-6472b4e66b68
1547055949000,0.356903742,1,00000000-afb8-476e-9872-6472b4e66b68
1547055950000,0.545652817,1,00000000-afb8-476e-9872-6472b4e66b68
1547055951000,0.970421137,1,00000000-afb8-476e-9872-6472b4e66b68
1547055952000,0.586803739,1,00000000-afb8-476e-9872-6472b4e66b68
1547055953000,0.161587864,1,00000000-afb8-476e-9872-6472b4e66b68
1547055954000,0.113991676,1,00000000-afb8-476e-9872-6472b4e66b68
1547055955000,0.998168257,1,00000000-afb8-476e-9872-6472b4e66b68
1547055956000,0.398011187,1,00000000-afb8-476e-9872-6472b4e66b68
1547055957000,0.176971312,1,00000000-afb8-476e-9872-6472b4e66b68
1547055958000,0.559607477,1,00000000-afb8-476e-9872-6472b4e66b68
1547055959000,0.554690311,1,00000000-afb8-476e-9872-6472b4e66b68
1547055960000,0.897649927,1,00000000-afb8-476e-9872-6472b4e66b68
1547055961000,0.976212086,1,00000000-afb8-476e-9872-6472b4e66b68
1547055962000,0.146939026,1,00000000-afb8-476e-9872-6472b4e66b68
1547055963000,0.073077102,1,00000000-afb8-476e-9872-6472b4e66b68
1547055964000,0.925398436,1,00000000-afb8-476e-9872-6472b4e66b68
1547055965000,0.009756793,1,00000000-afb8-476e-9872-6472b4e66b68
1547055966000,0.197384659,1,00000000-afb8-476e-9872-6472b4e66b68
1547055967000,0.978149834,1,00000000-afb8-476e-9872-6472b4e66b68
1547055968000,0.508425543,1,00000000-afb8-476e-9872-6472b4e66b68
1547055969000,0.253249845,1,00000000-afb8-476e-9872-6472b4e66b68
1547055970000,0.009310855,1,00000000-afb8-476e-9872-6472b4e66b68
1547055971000,0.243181328,1,00000000-afb8-476e-9872-6472b4e66b68
1547055972000,0.371597801,1,00000000-afb8-476e-9872-6472b4e66b68
1547055973000,0.74673925,1,00000000-afb8-476e-9872-6472b4e66b68
1547055974000,0.795875977,1,00000000-afb8-476e-9872-6472b4e66b68
1547055975000,0.560614635,1,00000000-afb8-476e-9872-6472b4e66b68
1547055976000,0.47458182,1,00000000-afb8-476e-9872-6472b4e66b68
1547055977000,0.642519652,1,00000000-afb8-476e-9872-6472b4e66b68
1547055978000,0.885220499,1,00000000-afb8-476e-9872-6472b4e66b68
1547055979000,0.989162173,1,00000000-afb8-476e-9872-6472b4e66b68
1547055980000,0.422349139,1,00000000-afb8-476e-9872-6472b4e66b68
1547055981000,0.814490565,1,00000000-afb8-476e-9872-6472b4e66b68
1547055982000,0.691415688,1,00000000-afb8-476e-9872-6472b4e66b68
1547055983000,0.620626433,1,00000000-afb8-476e-9872-6472b4e66b68
1547055984000,0.890888794,1,00000000-afb8-476e-9872-6472b4e66b68
1547055985000,0.472173838,1,00000000-afb8-476e-9872-6472b4e66b68
1547055986000,0.835675312,1,00000000-afb8-476e-9872-6472b4e66b68
1547055987000,0.400873302,1,00000000-afb8-476e-9872-6472b4e66b68
1547055988000,0.05073082,1,00000000-afb8-476e-9872-6472b4e66b68
1547055989000,0.067846762,1,00000000-afb8-476e-9872-6472b4e66b68
1547055990000,0.070952751,1,00000000-afb8-476e-9872-6472b4e66b68
1547055991000,0.279759975,1,00000000-afb8-476e-9872-6472b4e66b68
1547055992000,0.096120952,1,00000000-afb8-476e-9872-6472b4e66b68
1547055993000,0.121091841,1,00000000-afb8-476e-9872-6472b4e66b68
1547055994000,0.356470355,1,00000000-afb8-476e-9872-6472b4e66b68
1547055995000,0.800499717,1,00000000-afb8-476e-9872-6472b4e66b68
1547055996000,0.799160143,1,00000000-afb8-476e-9872-6472b4e66b68
1547055997000,0.372062031,1,00000000-afb8-476e-9872-6472b4e66b68
1547055998000,0.601158405,1,00000000-afb8-476e-9872-6472b4e66b68
1547055999000,0.240575406,1,00000000-afb8-476e-9872-6472b4e66b68
1547056000000,0.638728763,1,00000000-afb8-476e-9872-6472b4e66b68
1547056001000,0.800945422,1,00000000-afb8-476e-9872-6472b4e66b68
1547056002000,0.641327903,1,00000000-afb8-476e-9872-6472b4e66b68
1547056003000,0.825006316,1,00000000-afb8-476e-9872-6472b4e66b68
1547056004000,0.364871124,1,00000000-afb8-476e-9872-6472b4e66b68
1547056005000,0.853524986,1,00000000-afb8-476e-9872-6472b4e66b68
1547056006000,0.934078051,1,00000000-afb8-476e-9872-6472b4e66b68
1547056007000,0.934373827,1,00000000-afb8-476e-9872-6472b4e66b68
1547056008000,0.760567129,1,00000000-afb8-476e-9872-6472b4e66b68
1547056009000,0.038957225,1,00000000-afb8-476e-9872-6472b4e66b68
1547056010000,0.597913917,1,00000000-afb8-476e-9872-6472b4e66b68
1547056011000,0.732797344,1,00000000-afb8-476e-9872-6472b4e66b68
1547056012000,0.255055305,1,00000000-afb8-476e-9872-6472b4e66b68
1547056013000,0.061819953,1,00000000-afb8-476e-9872-6472b4e66b68
1547056014000,0.530098284,1,00000000-afb8-476e-9872-6472b4e66b68
1547056015000,0.466382615,1,00000000-afb8-476e-9872-6472b4e66b68
1547056016000,0.785345146,1,00000000-afb8-476e-9872-6472b4e66b68
1547056017000,0.268229249,1,00000000-afb8-476e-9872-6472b4e66b68
1547056018000,0.00119305,1,00000000-afb8-476e-9872-6472b4e66b68
1547056019000,0.150461967,1,00000000-afb8-476e-9872-6472b4e66b68
1547056020000,0.097305502,1,00000000-afb8-476e-9872-6472b4e66b68
1547056021000,0.765540545,1,00000000-afb8-476e-9872-6472b4e66b68
1547056022000,0.820206593,1,00000000-afb8-476e-9872-6472b4e66b68
1547056023000,0.272661955,1,00000000-afb8-476e-9872-6472b4e66b68
1547056024000,0.484455244,1,00000000-afb8-476e-9872-6472b4e66b68
1547056025000,0.315731445,1,00000000-afb8-476e-9872-6472b4e66b68
1547056026000,0.561398592,1,00000000-afb8-476e-9872-6472b4e66b68
1547056027000,0.038272527,1,00000000-afb8-476e-9872-6472b4e66b68
1547056028000,0.933916297,1,00000000-afb8-476e-9872-6472b4e66b68
1547056029000,0.530216847,1,00000000-afb8-476e-9872-6472b4e66b68
1547056030000,0.553935482,1,00000000-afb8-476e-9872-6472b4e66b68
1547056031000,0.382889004,1,00000000-afb8-476e-9872-6472b4e66b68
1547056032000,0.674045674,1,00000000-afb8-476e-9872-6472b4e66b68
1547056033000,0.456893551,1,00000000-afb8-476e-9872-6472b4e66b68
1547056034000,0.005114634,1,00000000-afb8-476e-9872-6472b4e66b68
1547056035000,0.086018168,1,00000000-afb8-476e-9872-6472b4e66b68
1547056036000,0.98217025,1,00000000-afb8-476e-9872-6472b4e66b68
1547056037000,0.114420748,1,00000000-afb8-476e-9872-6472b4e66b68
1547056038000,0.038995305,1,00000000-afb8-476e-9872-6472b4e66b68
1547056039000,0.297848717,1,00000000-afb8-476e-9872-6472b4e66b68
1547056040000,0.771095844,1,00000000-afb8-476e-9872-6472b4e66b68
1547056041000,0.466311578,1,00000000-afb8-476e-9872-6472b4e66b68
1547056042000,0.604717181,1,00000000-afb8-476e-9872-6472b4e66b68
1547056043000,0.647809433,1,00000000-afb8-476e-9872-6472b4e66b68
1547056044000,0.218844493,1,00000000-afb8-476e-9872-6472b4e66b68
1547056045000,0.049655564,1,00000000-afb8-476e-9872-6472b4e66b68
1547056046000,0.716296328,1,00000000-afb8-476e-9872-6472b4e66b68
1547056047000,0.153702761,1,00000000-afb8-476e-9872-6472b4e66b68
1547056048000,0.312066097,1,00000000-afb8-476e-9872-6472b4e66b68
1547056049000,0.242192794,1,00000000-afb8-476e-9872-6472b4e66b68
1547056050000,0.662964421,1,00000000-afb8-476e-9872-6472b4e66b68
1547056051000,0.247032803,1,00000000-afb8-476e-9872-6472b4e66b68
1547056052000,0.083472505,1,00000000-afb8-476e-9872-6472b4e66b68
1547056053000,0.838850048,1,00000000-afb8-476e-9872-6472b4e66b68
1547056054000,0.555347595,1,00000000-afb8-476e-9872-6472b4e66b68
1547056055000,0.729915628,1,00000000-afb8-476e-9872-6472b4e66b68
1547056056000,0.539977016,1,00000000-afb8-476e-9872-6472b4e66b68
1547056057000,0.402859373,1,00000000-afb8-476e-9872-6472b4e66b68
1547056058000,0.446608169,1,00000000-afb8-476e-9872-6472b4e66b68
1547056059000,0.983101543,1,00000000-afb8-476e-9872-6472b4e66b68
1547056060000,0.708730436,1,00000000-afb8-476e-9872-6472b4e66b68
1547056061000,0.19975469,1,00000000-afb8-476e-9872-6472b4e66b68
1547056062000,0.995071109,1,00000000-afb8-476e-9872-6472b4e66b68
1547056063000,0.0018929,1,00000000-afb8-476e-9872-6472b4e66b68
1547056064000,0.365432613,1,00000000-afb8-476e-9872-6472b4e66b68
1547056065000,0.54693913,1,00000000-afb8-476e-9872-6472b4e66b68
1547056066000,0.710701421,1,00000000-afb8-476e-9872-6472b4e66b68
1547056067000,0.097210161,1,00000000-afb8-476e-9872-6472b4e66b68
1547056068000,0.227941562,1,00000000-afb8-476e-9872-6472b4e66b68
1547056069000,0.252982038,1,00000000-afb8-476e-9872-6472b4e66b68
1547056070000,0.675848517,1,00000000-afb8-476e-9872-6472b4e66b68
1547056071000,0.950741122,1,00000000-afb8-476e-9872-6472b4e66b68
1547056072000,0.283451713,1,00000000-afb8-476e-9872-6472b4e66b68
1547056073000,0.263663992,1,00000000-afb8-476e-9872-6472b4e66b68
1547056074000,0.276876532,1,00000000-afb8-476e-9872-6472b4e66b68
1547056075000,0.681662758,1,00000000-afb8-476e-9872-6472b4e66b68
1547056076000,0.455783967,1,00000000-afb8-476e-9872-6472b4e66b68
1547056077000,0.993477892,1,00000000-afb8-476e-9872-6472b4e66b68
1547056078000,0.388168739,1,00000000-afb8-476e-9872-6472b4e66b68
1547056079000,0.623697962,1,00000000-afb8-476e-9872-6472b4e66b68
1547056080000,0.026426601,1,00000000-afb8-476e-9872-6472b4e66b68
1547056081000,0.826872657,1,00000000-afb8-476e-9872-6472b4e66b68
1547056082000,0.282248797,1,00000000-afb8-476e-9872-6472b4e66b68
1547056083000,0.898615236,1,00000000-afb8-476e-9872-6472b4e66b68
1547056084000,0.14034932,1,00000000-afb8-476e-9872-6472b4e66b68
1547056085000,0.090123349,1,00000000-afb8-476e-9872-6472b4e66b68
1547056086000,0.961625857,1,00000000-afb8-476e-9872-6472b4e66b68
1547056087000,0.863211619,1,00000000-afb8-476e-9872-6472b4e66b68
1547056088000,0.007991748,1,00000000-afb8-476e-9872-6472b4e66b68
1547056089000,0.596179909,1,00000000-afb8-476e-9872-6472b4e66b68
1547056090000,0.578764579,1,00000000-afb8-476e-9872-6472b4e66b68
1547056091000,0.144317076,1,00000000-afb8-476e-9872-6472b4e66b68
1547056092000,0.345047303,1,00000000-afb8-476e-9872-6472b4e66b68
1547056093000,0.702539363,1,00000000-afb8-476e-9872-6472b4e66b68
1547056094000,0.619009426,1,00000000-afb8-476e-9872-6472b4e66b68
1547056095000,0.125103354,1,00000000-afb8-476e-9872-6472b4e66b68
1547056096000,0.955112707,1,00000000-afb8-476e-9872-6472b4e66b68
1547056097000,0.28572634,1,00000000-afb8-476e-9872-6472b4e66b68
1547056098000,0.776695946,1,00000000-afb8-476e-9872-6472b4e66b68
1547056099000,0.512013579,1,00000000-afb8-476e-9872-6472b4e66b68
1547056100000,0.359544163,1,00000000-afb8-476e-9872-6472b4e66b68
1547056101000,0.368205774,1,00000000-afb8-476e-9872-6472b4e66b68
1547056102000,0.102755344,1,00000000-afb8-476e-9872-6472b4e66b68
1547056103000,0.796875576,1,00000000-afb8-476e-9872-6472b4e66b68
1547056104000,0.369315299,1,00000000-afb8-476e-9872-6472b4e66b68
1547056105000,0.443636736,1,00000000-afb8-476e-9872-6472b4e66b68
1547056106000,0.935649729,1,00000000-afb8-476e-9872-6472b4e66b68
1547056107000,0.340312352,1,00000000-afb8-476e-9872-6472b4e66b68
1547056108000,0.036775453,1,00000000-afb8-476e-9872-6472b4e66b68
1547056109000,0.190385518,1,00000000-afb8-476e-9872-6472b4e66b68
1547056110000,0.582211237,1,00000000-afb8-476e-9872-6472b4e66b68
1547056111000,0.978234311,1,00000000-afb8-476e-9872-6472b4e66b68
1547056112000,0.427785972,1,00000000-afb8-476e-9872-6472b4e66b68
1547056113000,0.725079198,1,00000000-afb8-476e-9872-6472b4e66b68
1547056114000,0.824442815,1,00000000-afb8-476e-9872-6472b4e66b68
1547056115000,0.988161833,1,00000000-afb8-476e-9872-6472b4e66b68
1547056116000,0.495727994,1,00000000-afb8-476e-9872-6472b4e66b68
1547056117000,0.135125963,1,00000000-afb8-476e-9872-6472b4e66b68
1547056118000,0.095169862,1,00000000-afb8-476e-9872-6472b4e66b68
1547056119000,0.986530458,1,00000000-afb8-476e-9872-6472b4e66b68
1547056120000,0.012601382,1,00000000-afb8-476e-9872-6472b4e66b68
1547056121000,0.184629482,1,00000000-afb8-476e-9872-6472b4e66b68
1547056122000,0.736477198,1,00000000-afb8-476e-9872-6472b4e66b68
1547056123000,0.06531601547637860,1,00000000-afb8-476e-9872-6472b4e66b68
1547056124000,0.264867506,1,00000000-afb8-476e-9872-6472b4e66b68
1547056125000,0.051092029,1,00000000-afb8-476e-9872-6472b4e66b68
1547056126000,0.767460663,1,00000000-afb8-476e-9872-6472b4e66b68
1547056127000,0.556634694,1,00000000-afb8-476e-9872-6472b4e66b68
1547056128000,0.348044153,1,00000000-afb8-476e-9872-6472b4e66b68
1547056129000,0.597103693,1,00000000-afb8-476e-9872-6472b4e66b68
1547056130000,0.077203505,1,00000000-afb8-476e-9872-6472b4e66b68
1547056131000,0.699502737,1,00000000-afb8-476e-9872-6472b4e66b68
1547056132000,0.813128153,1,00000000-afb8-476e-9872-6472b4e66b68
1547056133000,0.361213572,1,00000000-afb8-476e-9872-6472b4e66b68
1547056134000,0.302275631,1,00000000-afb8-476e-9872-6472b4e66b68
1547056135000,0.495320277,1,00000000-afb8-476e-9872-6472b4e66b68
1547056136000,0.454265776,1,00000000-afb8-476e-9872-6472b4e66b68
1547056137000,0.059555683,1,00000000-afb8-476e-9872-6472b4e66b68
1547056138000,0.364914013,1,00000000-afb8-476e-9872-6472b4e66b68
1547056139000,0.271914521,1,00000000-afb8-476e-9872-6472b4e66b68
1547056140000,0.342300778,1,00000000-afb8-476e-9872-6472b4e66b68
1547056141000,0.181405043,1,00000000-afb8-476e-9872-6472b4e66b68
1547056142000,0.407708853,1,00000000-afb8-476e-9872-6472b4e66b68
1547056143000,0.803611148,1,00000000-afb8-476e-9872-6472b4e66b68
1547056144000,0.020901283,1,00000000-afb8-476e-9872-6472b4e66b68
1547056145000,0.845667733,1,00000000-afb8-476e-9872-6472b4e66b68
1547056146000,0.000148783,1,00000000-afb8-476e-9872-6472b4e66b68
1547056147000,0.260721031,1,00000000-afb8-476e-9872-6472b4e66b68
1547056148000,0.813953266,1,00000000-afb8-476e-9872-6472b4e66b68
1547056149000,0.43143701,1,00000000-afb8-476e-9872-6472b4e66b68
1547056150000,0.742382046,1,00000000-afb8-476e-9872-6472b4e66b68
1547056151000,0.64207803,1,00000000-afb8-476e-9872-6472b4e66b68
1547056152000,0.880981978,1,00000000-afb8-476e-9872-6472b4e66b68
1547056153000,0.223151513,1,00000000-afb8-476e-9872-6472b4e66b68
1547056154000,0.563329377,1,00000000-afb8-476e-9872-6472b4e66b68
1547056155000,0.513635421,1,00000000-afb8-476e-9872-6472b4e66b68
1547056156000,0.142506607,1,00000000-afb8-476e-9872-6472b4e66b68
1547056157000,0.999665407,1,00000000-afb8-476e-9872-6472b4e66b68
1547056158000,0.291135348,1,00000000-afb8-476e-9872-6472b4e66b68
1547056159000,0.472341144,1,00000000-afb8-476e-9872-6472b4e66b68
1547056160000,0.550337029,1,00000000-afb8-476e-9872-6472b4e66b68
1547056161000,0.616402476,1,00000000-afb8-476e-9872-6472b4e66b68
1547056162000,0.807272398,1,00000000-afb8-476e-9872-6472b4e66b68
1547056163000,0.525762174,1,00000000-afb8-476e-9872-6472b4e66b68
1547056164000,0.950312223,1,00000000-afb8-476e-9872-6472b4e66b68
1547056165000,0.943499267,1,00000000-afb8-476e-9872-6472b4e66b68
1547056166000,0.394783481,1,00000000-afb8-476e-9872-6472b4e66b68
1547056167000,0.330438737,1,00000000-afb8-476e-9872-6472b4e66b68
1547056168000,0.727431957,1,00000000-afb8-476e-9872-6472b4e66b68
1547056169000,0.762554911,1,00000000-afb8-476e-9872-6472b4e66b68
1547056170000,0.004143069,1,00000000-afb8-476e-9872-6472b4e66b68
1547056171000,0.723333847,1,00000000-afb8-476e-9872-6472b4e66b68
1547056172000,0.745841523,1,00000000-afb8-476e-9872-6472b4e66b68
1547056173000,0.231799634,1,00000000-afb8-476e-9872-6472b4e66b68
1547056174000,0.887111242,1,00000000-afb8-476e-9872-6472b4e66b68
1547056175000,0.808527456,1,00000000-afb8-476e-9872-6472b4e66b68
1547056176000,0.977815914,1,00000000-afb8-476e-9872-6472b4e66b68
1547056177000,0.108815304,1,00000000-afb8-476e-9872-6472b4e66b68
1547056178000,0.866069587,1,00000000-afb8-476e-9872-6472b4e66b68
1547056179000,0.113219852,1,00000000-afb8-476e-9872-6472b4e66b68
1547056180000,0.728906491,1,00000000-afb8-476e-9872-6472b4e66b68
1547056181000,0.014791595,1,00000000-afb8-476e-9872-6472b4e66b68
1547056182000,0.302270042,1,00000000-afb8-476e-9872-6472b4e66b68
1547056183000,0.948298968,1,00000000-afb8-476e-9872-6472b4e66b68
1547056184000,0.589408832,1,00000000-afb8-476e-9872-6472b4e66b68
1547056185000,0.917562176,1,00000000-afb8-476e-9872-6472b4e66b68
1547056186000,0.687578199,1,00000000-afb8-476e-9872-6472b4e66b68
1547056187000,0.461920746,1,00000000-afb8-476e-9872-6472b4e66b68
1547056188000,0.281551721,1,00000000-afb8-476e-9872-6472b4e66b68
1547056189000,0.297456781,1,00000000-afb8-476e-9872-6472b4e66b68
1547056190000,0.574534557,1,00000000-afb8-476e-9872-6472b4e66b68
1547056191000,0.097485156,1,00000000-afb8-476e-9872-6472b4e66b68
1547056192000,0.006103235,1,00000000-afb8-476e-9872-6472b4e66b68
1547056193000,0.899649555,1,00000000-afb8-476e-9872-6472b4e66b68
1547056194000,0.243903197,1,00000000-afb8-476e-9872-6472b4e66b68
1547056195000,0.346566565,1,00000000-afb8-476e-9872-6472b4e66b68
1547056196000,0.030021387,1,00000000-afb8-476e-9872-6472b4e66b68
1547056197000,0.375098626,1,00000000-afb8-476e-9872-6472b4e66b68
1547056198000,0.112371435,1,00000000-afb8-476e-9872-6472b4e66b68
1547056199000,0.089517976,1,00000000-afb8-476e-9872-6472b4e66b68
1547056200000,0.119777037,1,00000000-afb8-476e-9872-6472b4e66b68
1547056201000,0.504493496,1,00000000-afb8-476e-9872-6472b4e66b68
1547056202000,0.219133195,1,00000000-afb8-476e-9872-6472b4e66b68
1547056203000,0.055071342,1,00000000-afb8-476e-9872-6472b4e66b68
1547056204000,0.185210629,1,00000000-afb8-476e-9872-6472b4e66b68
1547056205000,0.739022205,1,00000000-afb8-476e-9872-6472b4e66b68
1547056206000,0.199704863,1,00000000-afb8-476e-9872-6472b4e66b68
1547056207000,0.414404566,1,00000000-afb8-476e-9872-6472b4e66b68
1547056208000,0.302041939,1,00000000-afb8-476e-9872-6472b4e66b68
1547056209000,0.038958566,1,00000000-afb8-476e-9872-6472b4e66b68
1547056210000,0.700867301,1,00000000-afb8-476e-9872-6472b4e66b68
1547056211000,0.935236592,1,00000000-afb8-476e-9872-6472b4e66b68
1547056212000,0.068950488,1,00000000-afb8-476e-9872-6472b4e66b68
1547056213000,0.74809818,1,00000000-afb8-476e-9872-6472b4e66b68
1547056214000,0.562398381,1,00000000-afb8-476e-9872-6472b4e66b68
1547056215000,0.765100823,1,00000000-afb8-476e-9872-6472b4e66b68
1547056216000,0.158849098,1,00000000-afb8-476e-9872-6472b4e66b68
1547056217000,0.452521501,1,00000000-afb8-476e-9872-6472b4e66b68
1547056218000,0.554555862,1,00000000-afb8-476e-9872-6472b4e66b68
1547056219000,0.00780873,1,00000000-afb8-476e-9872-6472b4e66b68
1547056220000,0.625553915,1,00000000-afb8-476e-9872-6472b4e66b68
1547056221000,0.380372533,1,00000000-afb8-476e-9872-6472b4e66b68
1547056222000,0.260733081,1,00000000-afb8-476e-9872-6472b4e66b68
1547056223000,0.408468329,1,00000000-afb8-476e-9872-6472b4e66b68
1547056224000,0.193728332,1,00000000-afb8-476e-9872-6472b4e66b68
1547056225000,0.835279284,1,00000000-afb8-476e-9872-6472b4e66b68
1547056226000,0.322117505,1,00000000-afb8-476e-9872-6472b4e66b68
1547056227000,0.955725751,1,00000000-afb8-476e-9872-6472b4e66b68
1547056228000,0.596146609,1,00000000-afb8-476e-9872-6472b4e66b68
1547056229000,0.034651467,1,00000000-afb8-476e-9872-6472b4e66b68
1547056230000,0.487346749,1,00000000-afb8-476e-9872-6472b4e66b68
1547056231000,0.002204977,1,00000000-afb8-476e-9872-6472b4e66b68
1547056232000,0.370558953,1,00000000-afb8-476e-9872-6472b4e66b68
1547056233000,0.534165416,1,00000000-afb8-476e-9872-6472b4e66b68
1547056234000,0.492255047,1,00000000-afb8-476e-9872-6472b4e66b68
1547056235000,0.810625707,1,00000000-afb8-476e-9872-6472b4e66b68
1547056236000,0.9616949,1,00000000-afb8-476e-9872-6472b4e66b68
1547056237000,0.808500571,1,00000000-afb8-476e-9872-6472b4e66b68
1547056238000,0.671329232,1,00000000-afb8-476e-9872-6472b4e66b68
1547056239000,0.51832291,1,00000000-afb8-476e-9872-6472b4e66b68
1547056240000,0.49338958,1,00000000-afb8-476e-9872-6472b4e66b68
1547056241000,0.815895127,1,00000000-afb8-476e-9872-6472b4e66b68
1547056242000,0.836045946,1,00000000-afb8-476e-9872-6472b4e66b68
1547056243000,0.211320163,1,00000000-afb8-476e-9872-6472b4e66b68
1547056244000,0.368928123,1,00000000-afb8-476e-9872-6472b4e66b68
1547056245000,0.201674192,1,00000000-afb8-476e-9872-6472b4e66b68
1547056246000,0.293095247,1,00000000-afb8-476e-9872-6472b4e66b68
1547056247000,0.336197821,1,00000000-afb8-476e-9872-6472b4e66b68
1547056248000,0.560490792,1,00000000-afb8-476e-9872-6472b4e66b68
1547056249000,0.425227652,1,00000000-afb8-476e-9872-6472b4e66b68
1547056250000,0.064666716,1,00000000-afb8-476e-9872-6472b4e66b68
1547056251000,0.266489108,1,00000000-afb8-476e-9872-6472b4e66b68
1547056252000,0.223685341,1,00000000-afb8-476e-9872-6472b4e66b68
1547056253000,0.271633148,1,00000000-afb8-476e-9872-6472b4e66b68
1547056254000,0.892810233,1,00000000-afb8-476e-9872-6472b4e66b68
1547056255000,0.508094356,1,00000000-afb8-476e-9872-6472b4e66b68
1547056256000,0.871059447,1,00000000-afb8-476e-9872-6472b4e66b68
1547056257000,0.840262688,1,00000000-afb8-476e-9872-6472b4e66b68
1547056258000,0.639875764,1,00000000-afb8-476e-9872-6472b4e66b68
1547056259000,0.040505542,1,00000000-afb8-476e-9872-6472b4e66b68
1547056260000,0.116295519,1,00000000-afb8-476e-9872-6472b4e66b68
1547056261000,0.663297769,1,00000000-afb8-476e-9872-6472b4e66b68
1547056262000,0.437433992,1,00000000-afb8-476e-9872-6472b4e66b68
1547056263000,0.497103581,1,00000000-afb8-476e-9872-6472b4e66b68
1547056264000,0.484241799,1,00000000-afb8-476e-9872-6472b4e66b68
1547056265000,0.928570789,1,00000000-afb8-476e-9872-6472b4e66b68
1547056266000,0.232374142,1,00000000-afb8-476e-9872-6472b4e66b68
1547056267000,0.476775408,1,00000000-afb8-476e-9872-6472b4e66b68
1547056268000,0.241666585,1,00000000-afb8-476e-9872-6472b4e66b68
1547056269000,0.66471449,1,00000000-afb8-476e-9872-6472b4e66b68
1547056270000,0.453185976,1,00000000-afb8-476e-9872-6472b4e66b68
1547056271000,0.618054215,1,00000000-afb8-476e-9872-6472b4e66b68
1547056272000,0.736181643,1,00000000-afb8-476e-9872-6472b4e66b68
1547056273000,0.9853476,1,00000000-afb8-476e-9872-6472b4e66b68
1547056274000,0.7770439,1,00000000-afb8-476e-9872-6472b4e66b68
1547056275000,0.462880304,1,00000000-afb8-476e-9872-6472b4e66b68
1547056276000,0.956648373,1,00000000-afb8-476e-9872-6472b4e66b68
1547056277000,0.646843765,1,00000000-afb8-476e-9872-6472b4e66b68
1547056278000,0.919784011,1,00000000-afb8-476e-9872-6472b4e66b68
1547056279000,0.386931013,1,00000000-afb8-476e-9872-6472b4e66b68
1547056280000,0.897963795,1,00000000-afb8-476e-9872-6472b4e66b68
1547056281000,0.385282028,1,00000000-afb8-476e-9872-6472b4e66b68
1547056282000,0.090454157,1,00000000-afb8-476e-9872-6472b4e66b68
1547056283000,0.051257368,1,00000000-afb8-476e-9872-6472b4e66b68
1547056284000,0.866652218,1,00000000-afb8-476e-9872-6472b4e66b68
1547056285000,0.020585459,1,00000000-afb8-476e-9872-6472b4e66b68
1547056286000,0.994873544,1,00000000-afb8-476e-9872-6472b4e66b68
1547056287000,0.849265233,1,00000000-afb8-476e-9872-6472b4e66b68
1547056288000,0.17404425,1,00000000-afb8-476e-9872-6472b4e66b68
1547056289000,0.700416166,1,00000000-afb8-476e-9872-6472b4e66b68
1547056290000,0.066383666,1,00000000-afb8-476e-9872-6472b4e66b68
1547056291000,0.075455918,1,00000000-afb8-476e-9872-6472b4e66b68
1547056292000,0.486415802,1,00000000-afb8-476e-9872-6472b4e66b68
1547056293000,0.956267356,1,00000000-afb8-476e-9872-6472b4e66b68
1547056294000,0.865102906,1,00000000-afb8-476e-9872-6472b4e66b68
1547056295000,0.009884548,1,00000000-afb8-476e-9872-6472b4e66b68
1547056296000,0.239518421,1,00000000-afb8-476e-9872-6472b4e66b68
1547056297000,0.122984033,1,00000000-afb8-476e-9872-6472b4e66b68
1547056298000,0.429131134,1,00000000-afb8-476e-9872-6472b4e66b68